<?xml version="1.0" encoding="UTF-8"?>
<extension type="component" version="3.2.0" method="upgrade">
    <name>com_pbacademy</name>
    <!-- The following elements are optional and free of formatting constraints -->
    <creationDate>March 2016</creationDate>
    <author>Jon Falkenstein</author>
    <!--  The version string is recorded in the components table -->
    <version>1.0.0</version>
    <!-- The description is optional and defaults to the name -->
    <description>
        This is a region of the website dedicated to educational content for church
        board members on a variety of relevant subjects.
    </description>
    <install>
        <sql>
            <file driver="mysql" charset="utf8">sql/install.mysql.utf8.sql</file>
        </sql>
    </install>
    <uninstall>
        <sql>
            <file driver="mysql" charset="utf8">sql/uninstall.mysql.utf8.sql</file>
        </sql>
    </uninstall>
    <update> <!-- Runs on update; New since J2.5 -->
        <schemas>
            <schemapath type="mysql">sql/updates/mysql</schemapath>
        </schemas>
    </update>
    
    <!-- Site Main File Copy Section -->
    <!-- Note the folder attribute: This attribute describes the folder
        to copy FROM in the package to install therefore files copied
	in this section are copied from /site/ in the package -->
    <files folder="site">
        <filename>pbacademy.php</filename>
        <filename>index.html</filename>
        <filename>controller.php</filename>
        <folder>models</folder>
        <folder>views</folder>
        <folder>css</folder>
        <folder>js</folder>
        <folder>images</folder>
        <folder>ViewClasses</folder>
    </files>
    <administration>
        <!-- Administration Menu Section -->
        <menu>P&amp;B Academy</menu>
        <menu link='administrator/index.php?option=com_pbacademy'>P&amp;B Academy</menu>
        <!-- Administration Main File Copy Section -->
        <!-- Note the folder attribute: This attribute describes the folder to
                copy FROM in the package to install, therefore files copied in
                section are copied from /admin/ in the package -->
        <files folder="admin">
            <!-- Admin Main File Copy Section -->
            <filename>index.html</filename>
            <filename>pbacademy.php</filename>
            <filename>controller.php</filename>
            <folder>sql</folder>
            <folder>controllers</folder>
            <folder>images</folder>
            <folder>models</folder>
            <folder>views</folder>
            <folder>js</folder>
            <folder>css</folder>
        </files>
    </administration>
</extension>