<?xml version="1.0" encoding="UTF-8"?>
<extension type="package" version="3.2" method="upgrade">
    <name>P&amp;B Academy</name>
    <author>Jon Falkenstein</author>
    <creationDate>April, 2016</creationDate>
    <packagename>pbacademy</packagename>
    <description>This is the complete P&amp;B Academy Package, complete with both component and the search plugin.</description>
    <files folder="packages">
        <file type="component" id="com_pbacademy">com_pbacademy.zip</file>
        <file type="plugin" id="pbacademysearch" group="search">plg_pbacademysearch.zip</file>
        <file type="library" id="pbacademylib">lib_PBAcademy.zip</file>
    </files>
</extension>